Age,Income,Loan_Amount,Credit_Score,Employment_Type,Loan_Approved
59,77761.0,417505,337,Salaried,0
49,141178.0,328226,487,Salaried,0
35,56368.0,312805,356,Self-Employed,0
28,26783.0,218484,319,Salaried,0
41,131530.0,315064,572,Self-Employed,0
59,61914.0,295378,418,Self-Employed,0
39,90507.0,391705,882,Salaried,1
43,147738.0,321090,815,Self-Employed,1
31,99026.0,275314,520,Self-Employed,0
31,135893.0,488716,825,Salaried,1
44,131255.0,285612,814,Salaried,1
56,130616.0,328453,635,Salaried,0
44,87526.0,105230,354,Salaried,0
23,90835.0,423966,799,Unemployed,1
42,65765.0,473243,835,,0
22,39956.0,424484,461,Self-Employed,0
44,107895.0,109321,893,Salaried,1
50,66240.0,182028,458,,0
58,141008.0,281447,487,Unemployed,0
22,57148.0,386275,359,Self-Employed,0
41,114270.0,491124,618,Salaried,0
53,147978.0,338107,510,Salaried,0
32,24757.0,151757,705,,0
42,39097.0,482659,408,Salaried,0
45,30395.0,411403,375,Self-Employed,0
47,36241.0,351207,841,Salaried,0
48,123892.0,426369,613,Salaried,0
36,47696.0,428544,416,Salaried,0
35,135654.0,392962,318,Unemployed,0
23,90480.0,316847,731,Unemployed,0
57,66163.0,246200,649,Salaried,0
27,39816.0,122099,482,Self-Employed,0
41,69840.0,469065,412,Salaried,0
29,122547.0,212932,482,Salaried,0
59,72853.0,81585,780,Self-Employed,1
38,44917.0,465231,445,Unemployed,0
24,116731.0,93585,412,Unemployed,1
45,41566.0,339102,775,Self-Employed,0
34,95452.0,338161,602,Salaried,0
29,82823.0,436821,417,Self-Employed,1
46,141392.0,488566,460,Salaried,1
22,40806.0,455417,700,Self-Employed,0
40,95520.0,341570,497,Salaried,0
48,21759.0,329922,559,Self-Employed,0
27,146092.0,226313,346,Salaried,0
28,61949.0,92229,698,Salaried,1
55,112374.0,136652,858,Unemployed,0
34,22482.0,440411,377,Salaried,0
37,44442.0,299474,423,Self-Employed,1
56,53719.0,229436,374,,0
24,78066.0,438647,436,Salaried,0
22,113501.0,310116,699,Salaried,1
26,22079.0,397022,804,Salaried,0
24,22717.0,369200,799,Unemployed,0
49,79676.0,470706,872,Salaried,1
38,47952.0,69975,437,Unemployed,0
46,106444.0,207795,349,Self-Employed,1
54,62460.0,466495,553,Salaried,0
30,110397.0,259373,862,Self-Employed,1
56,,454777,725,,1
34,113607.0,247133,846,Self-Employed,0
51,109106.0,400541,601,Salaried,1
35,38449.0,230225,880,Salaried,0
28,53536.0,345286,648,Unemployed,0
34,84077.0,339060,348,Unemployed,0
43,58258.0,114324,373,Unemployed,0
41,68302.0,226037,560,Salaried,0
36,145937.0,438076,655,Self-Employed,1
38,48865.0,185720,881,Salaried,0
44,26645.0,216205,559,Salaried,0
46,139771.0,493893,594,Salaried,0
45,58000.0,146059,612,Self-Employed,0
49,46737.0,148317,481,Salaried,0
35,31485.0,251207,663,Salaried,0
21,58565.0,347190,487,Unemployed,0
45,45522.0,490280,868,Salaried,0
27,139614.0,151459,842,Salaried,1
29,85155.0,287697,895,Salaried,1
44,75168.0,250422,847,Unemployed,0
21,72487.0,358037,707,Self-Employed,1
28,149948.0,151520,713,Salaried,0
44,32342.0,437962,641,Unemployed,0
31,60806.0,111272,519,Unemployed,0
37,68770.0,273224,462,Salaried,0
28,98623.0,379793,519,Self-Employed,0
55,123177.0,376818,569,,0
55,119785.0,194832,699,Self-Employed,1
53,95629.0,202999,481,Salaried,0
25,140993.0,398619,504,Unemployed,0
59,72603.0,111367,881,Self-Employed,1
48,,279027,855,Salaried,0
27,132726.0,455804,527,Salaried,0
29,101974.0,433894,895,Salaried,1
28,125947.0,282750,549,Salaried,0
32,46399.0,285806,740,Self-Employed,0
54,148177.0,430298,832,Salaried,1
53,105382.0,233305,495,Salaried,1
43,101244.0,94738,818,Self-Employed,1
44,129575.0,83397,369,Salaried,0
57,135520.0,394333,698,Unemployed,1
55,130904.0,388511,502,Salaried,0
42,,252332,447,Salaried,0
47,75106.0,432729,771,Salaried,1
55,132599.0,388763,498,,0
21,50678.0,161453,725,Salaried,0
55,96218.0,69816,791,Self-Employed,1
57,83230.0,485456,441,Unemployed,0
34,134684.0,449492,612,Salaried,0
23,94055.0,295011,464,Self-Employed,0
21,76373.0,391674,613,Self-Employed,0
25,51480.0,466715,320,Unemployed,0
46,105230.0,421000,381,Salaried,0
34,88836.0,263567,880,Salaried,1
59,92258.0,121635,430,Salaried,1
47,59986.0,419947,898,Self-Employed,0
29,44160.0,266184,604,Unemployed,0
35,105595.0,348090,670,Salaried,1
35,121358.0,367348,683,Salaried,1
46,99111.0,232958,744,Unemployed,0
33,84929.0,327707,724,Unemployed,1
52,93506.0,142324,460,Unemployed,0
59,54911.0,273536,477,Self-Employed,0
52,107127.0,282944,789,Salaried,1
24,51821.0,321991,626,Self-Employed,0
50,95039.0,76155,897,Self-Employed,1
57,80535.0,391815,588,Salaried,1
43,133453.0,166891,892,Self-Employed,1
59,104458.0,395454,872,Self-Employed,1
35,32175.0,199381,872,Salaried,0
49,139235.0,181691,653,Self-Employed,1
56,74771.0,493324,327,Self-Employed,0
33,126660.0,84707,342,Unemployed,0
52,,463553,722,Salaried,1
27,141300.0,393681,897,Salaried,1
42,106925.0,247576,476,Self-Employed,0
48,133374.0,228686,828,,1
22,86358.0,272500,793,Self-Employed,1
26,,403299,497,Self-Employed,0
48,67057.0,312425,876,Salaried,0
48,26150.0,208492,816,Self-Employed,0
40,24425.0,220102,813,Self-Employed,0
50,143654.0,444274,321,Salaried,0
31,36032.0,267285,411,Unemployed,1
48,22198.0,388404,356,Unemployed,0
45,80500.0,209476,365,Self-Employed,0
59,73394.0,284554,397,Self-Employed,0
53,40079.0,210928,443,Salaried,0
21,56220.0,190272,734,Unemployed,0
47,61874.0,376322,385,Self-Employed,1
33,33859.0,346141,887,Self-Employed,0
23,70460.0,468827,643,Unemployed,1
59,51419.0,169273,593,Salaried,0
26,138865.0,222307,870,Unemployed,1
28,28705.0,298500,542,Salaried,0
47,62880.0,216129,860,Salaried,1
29,149838.0,182311,331,Salaried,0
57,43236.0,284746,690,Unemployed,0
53,107955.0,295546,576,Unemployed,0
44,105514.0,246733,831,Self-Employed,1
35,123145.0,176945,453,Self-Employed,0
52,35358.0,95272,682,Self-Employed,0
52,119713.0,401537,367,Unemployed,0
44,,373356,513,Salaried,0
32,122870.0,196470,675,Salaried,1
59,96918.0,170030,512,Salaried,0
22,139179.0,368647,378,Self-Employed,0
23,136243.0,449854,680,Self-Employed,1
57,34596.0,56570,357,Salaried,1
37,53572.0,380929,325,Salaried,0
22,98757.0,59110,746,Unemployed,0
22,21279.0,129141,365,Salaried,0
48,83197.0,62115,553,,0
43,131496.0,89062,343,Unemployed,0
57,82516.0,335055,396,Salaried,1
52,27083.0,154061,853,Salaried,0
53,140674.0,344700,526,Self-Employed,0
21,140307.0,440479,735,Unemployed,0
39,146457.0,51969,678,Self-Employed,1
22,129397.0,355897,477,Unemployed,0
46,37771.0,447686,726,Salaried,0
52,49975.0,171863,606,Self-Employed,0
26,65648.0,322369,803,Self-Employed,1
52,145641.0,173008,567,Unemployed,1
24,68285.0,204268,885,Salaried,1
31,39063.0,155823,307,Unemployed,0
37,87642.0,325813,807,Self-Employed,1
58,110093.0,480596,775,Salaried,1
44,,436542,596,Salaried,0
25,106143.0,160677,463,Unemployed,0
54,57599.0,296958,784,Salaried,1
26,71920.0,98320,896,Salaried,1
42,48529.0,490630,371,Salaried,0
31,55954.0,196649,866,Unemployed,0
36,47856.0,175354,858,Self-Employed,0
53,22573.0,138009,537,,0
29,98344.0,307437,403,Salaried,0
26,55367.0,498625,509,Self-Employed,0
36,122337.0,78625,853,Self-Employed,1
49,126732.0,262112,767,Unemployed,0
23,119608.0,336233,753,Unemployed,0
40,80774.0,86487,567,Salaried,0
56,43752.0,278071,685,Self-Employed,0
39,75029.0,422592,686,Salaried,1
46,37685.0,362282,558,Self-Employed,0
23,71693.0,223895,582,Salaried,1
39,136739.0,480424,339,Salaried,0
40,75961.0,366205,785,Salaried,1
52,126937.0,473875,519,Self-Employed,0
27,144956.0,151376,428,Salaried,0
53,96908.0,475106,819,Self-Employed,1
59,145537.0,391278,559,Salaried,0
38,146678.0,359199,665,Salaried,1
21,94532.0,293341,843,Self-Employed,1
31,,331652,823,Salaried,1
48,76133.0,485503,315,Salaried,0
45,117425.0,208056,428,Self-Employed,0
43,145055.0,160169,874,Salaried,1
51,81268.0,320269,408,Salaried,0
50,112201.0,86059,832,Salaried,1
55,58243.0,153409,568,Unemployed,0
27,77384.0,460303,461,Self-Employed,0
36,51653.0,55704,559,,0
46,46657.0,254456,401,Self-Employed,1
22,59952.0,268200,805,Salaried,1
21,42180.0,161279,870,Salaried,0
32,117432.0,208280,546,Self-Employed,0
25,141829.0,168516,836,Salaried,1
57,148377.0,247096,430,Salaried,0
52,98411.0,483098,652,Salaried,1
29,21622.0,469139,495,Salaried,0
55,68756.0,426188,681,Unemployed,0
39,60809.0,282549,526,Salaried,0
36,36725.0,79165,775,,0
23,81396.0,117203,776,Salaried,0
40,71226.0,316258,564,Unemployed,0
44,126296.0,86321,671,Salaried,1
53,101182.0,385441,785,Salaried,1
44,102565.0,408796,733,Self-Employed,1
31,49402.0,411448,510,Self-Employed,0
28,24263.0,295014,871,Salaried,0
56,143489.0,206498,676,Salaried,1
58,116523.0,67772,694,Salaried,1
40,66828.0,415898,749,Salaried,0
55,,315856,663,Salaried,1
45,67924.0,444583,756,Salaried,0
55,94182.0,288389,525,Salaried,0
45,113065.0,165142,430,Salaried,0
49,79052.0,141736,887,Self-Employed,1
38,,101924,775,Unemployed,0
38,55737.0,53726,576,Self-Employed,0
22,121332.0,401296,455,Salaried,0
55,109563.0,77723,517,Salaried,1
36,49373.0,439113,489,Unemployed,0
56,137369.0,284182,716,Salaried,1
53,56397.0,412638,845,Salaried,0
24,148575.0,190180,340,Self-Employed,0
53,106145.0,258786,606,Self-Employed,0
34,121371.0,85643,637,Self-Employed,0
41,58709.0,212396,613,Salaried,0
40,136074.0,416040,374,Salaried,0
28,81120.0,264432,578,Unemployed,1
27,39250.0,189999,475,Salaried,0
23,41172.0,405824,572,Self-Employed,0
37,31555.0,408690,588,Self-Employed,0
53,107410.0,465659,571,Self-Employed,0
32,98617.0,129973,365,Salaried,0
42,73276.0,375593,782,,1
42,77492.0,159834,547,Self-Employed,0
50,73002.0,286386,455,Unemployed,0
58,140103.0,337681,346,Unemployed,0
58,144938.0,389720,753,Salaried,1
28,109599.0,157522,500,Salaried,1
47,92355.0,72612,423,Unemployed,0
47,111248.0,275049,300,Self-Employed,1
54,44762.0,318615,490,Unemployed,0
41,31046.0,216703,878,Salaried,0
50,116999.0,290069,815,Self-Employed,0
53,144130.0,273131,741,Self-Employed,1
48,136021.0,81348,442,Self-Employed,0
53,48769.0,245804,490,Salaried,0
25,,313321,832,Salaried,1
39,43150.0,185832,526,Self-Employed,1
24,88247.0,344923,612,Salaried,0
55,24853.0,333780,601,Salaried,0
37,114613.0,131889,759,Unemployed,0
48,140900.0,103551,700,Salaried,1
50,109399.0,454772,850,Unemployed,0
49,41792.0,470814,692,Salaried,0
26,79129.0,192635,506,Self-Employed,0
55,126019.0,96819,509,Unemployed,0
57,94478.0,385914,414,Salaried,0
44,133811.0,470182,550,Salaried,0
49,134130.0,262781,518,Salaried,0
51,87298.0,208059,706,Salaried,1
55,51987.0,390858,742,Self-Employed,0
53,35850.0,239420,653,Unemployed,0
41,32112.0,74596,857,Salaried,0
52,141789.0,476390,849,Salaried,1
43,44058.0,376250,441,Salaried,0
53,65420.0,109182,800,Self-Employed,1
23,58890.0,399307,846,Salaried,1
38,86017.0,351454,841,Self-Employed,1
45,67304.0,368232,806,Self-Employed,1
51,52921.0,178803,895,Self-Employed,1
23,125921.0,189978,580,Salaried,0
44,21524.0,349058,723,Self-Employed,0
52,120424.0,422494,569,Salaried,0
42,35048.0,95379,453,,0
43,,295900,382,Unemployed,0
22,57904.0,308517,725,Self-Employed,1
47,74912.0,480866,574,Salaried,0
22,54008.0,490097,583,Salaried,0
46,20060.0,358557,472,,0
37,94666.0,187084,626,Salaried,0
53,103559.0,231187,362,Salaried,0
29,75337.0,319295,372,,0
59,130616.0,107716,674,Salaried,1
49,33350.0,405891,807,Self-Employed,1
46,44354.0,273725,697,Self-Employed,0
55,65186.0,217450,419,Self-Employed,0
45,48145.0,223724,736,Salaried,0
44,54020.0,253502,764,Unemployed,0
33,,194539,585,Unemployed,0
27,126667.0,474226,564,Unemployed,0
56,95186.0,171999,619,Unemployed,0
40,105469.0,164793,675,Unemployed,0
21,40581.0,497907,388,Self-Employed,0
28,108929.0,420321,502,,0
36,43051.0,62289,633,Self-Employed,1
34,71474.0,226048,521,Self-Employed,0
32,111748.0,224668,340,,0
43,145995.0,466387,367,Self-Employed,0
35,134618.0,281513,813,Salaried,1
48,89626.0,307368,897,Salaried,1
54,26960.0,136365,426,Unemployed,0
22,55772.0,280662,554,Self-Employed,0
52,41520.0,426158,315,Self-Employed,0
43,69481.0,225211,776,Salaried,1
42,56408.0,229785,361,Salaried,0
45,114006.0,472950,731,Unemployed,0
42,148496.0,122588,567,Self-Employed,0
42,77134.0,113646,334,Self-Employed,0
26,40491.0,315798,875,Salaried,0
35,21341.0,330887,793,Self-Employed,0
57,64623.0,360512,861,Salaried,1
53,110327.0,271097,768,Self-Employed,1
28,20338.0,255244,624,Salaried,0
25,91431.0,449657,603,Salaried,0
59,32254.0,169735,575,Self-Employed,1
24,71860.0,205683,500,Unemployed,0
26,31344.0,432035,744,Salaried,0
52,21750.0,157971,623,Unemployed,1
50,,62149,334,Salaried,0
55,87957.0,412246,781,Salaried,1
36,125423.0,371333,779,Salaried,1
33,78053.0,288976,364,Salaried,0
50,90855.0,464891,307,Self-Employed,0
39,35896.0,383175,600,Salaried,0
37,,92668,642,Salaried,0
39,82552.0,456889,730,Unemployed,1
48,140075.0,138204,723,Salaried,1
46,97454.0,261830,631,Self-Employed,0
57,146522.0,246501,737,Salaried,1
46,138681.0,466885,887,Self-Employed,1
43,110600.0,215140,473,Salaried,0
29,142732.0,269861,858,Salaried,1
32,132153.0,190507,826,Salaried,1
21,142926.0,275160,325,Salaried,0
21,47935.0,233321,705,Salaried,0
54,57641.0,87384,531,,0
52,49711.0,131929,832,Unemployed,0
45,90342.0,440103,849,Unemployed,0
21,126896.0,126153,804,Self-Employed,1
36,32182.0,285128,478,Salaried,0
59,107833.0,125388,431,Salaried,0
25,76276.0,81401,754,Salaried,1
42,39541.0,252903,647,Salaried,0
49,114457.0,169503,839,Self-Employed,1
23,102310.0,282601,705,Self-Employed,0
32,64813.0,177834,375,Salaried,0
46,57198.0,84084,878,Salaried,1
36,28820.0,301459,791,Unemployed,0
57,44070.0,160641,493,Self-Employed,0
42,89768.0,155111,461,Salaried,0
49,31122.0,499042,646,Unemployed,0
34,100559.0,479667,660,Unemployed,0
48,93543.0,188299,883,Salaried,0
25,103441.0,212982,386,Salaried,0
50,61786.0,348185,561,Self-Employed,0
25,114934.0,401064,513,Unemployed,0
32,119804.0,377825,872,Unemployed,1
36,26737.0,284386,561,Salaried,0
46,56062.0,393715,582,Salaried,0
46,,246553,766,Self-Employed,1
41,71571.0,310337,679,Self-Employed,0
59,,177556,661,Salaried,0
56,,245246,748,Unemployed,0
53,57265.0,76160,740,Self-Employed,1
50,37850.0,296242,392,Unemployed,0
57,138249.0,67633,723,Unemployed,0
43,86150.0,329158,441,Self-Employed,0
30,107312.0,392676,590,Salaried,0
25,109613.0,99104,731,Self-Employed,0
56,94910.0,484837,348,Salaried,0
54,72375.0,389375,601,Self-Employed,0
51,141826.0,118388,489,Salaried,0
30,,66014,435,Self-Employed,0
39,116443.0,142578,854,Salaried,1
52,77132.0,214827,703,Salaried,1
21,98945.0,90390,640,Salaried,0
25,102050.0,335855,617,Salaried,0
24,149828.0,141658,662,Self-Employed,1
36,115402.0,107993,681,Self-Employed,1
44,22983.0,255768,532,Self-Employed,0
36,117241.0,208285,643,Salaried,0
22,40662.0,296860,848,Salaried,0
48,,319565,852,Salaried,0
52,98187.0,268008,828,Salaried,1
47,60998.0,67727,870,Unemployed,0
40,,424562,482,Salaried,0
44,114071.0,54358,340,,0
32,26640.0,377252,850,Salaried,0
55,64547.0,307681,696,Salaried,1
53,74620.0,144018,793,Self-Employed,1
53,35317.0,436601,632,Self-Employed,1
57,135608.0,475333,426,Salaried,0
32,27564.0,344054,857,,0
23,47345.0,176888,856,Salaried,0
21,133824.0,279104,300,Salaried,0
53,114223.0,367898,467,Salaried,0
30,143372.0,243510,318,Unemployed,0
49,99273.0,159847,631,Self-Employed,0
33,94859.0,472587,883,Self-Employed,0
32,100765.0,494717,755,Salaried,1
51,130017.0,350611,408,,0
22,94038.0,460841,567,Self-Employed,0
55,,346037,744,,1
43,72393.0,126329,539,Self-Employed,0
37,86081.0,81007,600,Salaried,0
46,145341.0,220604,402,Self-Employed,0
28,122650.0,366397,549,Salaried,0
49,49430.0,62323,752,Unemployed,0
46,95532.0,423479,819,,1
30,47788.0,162356,452,Self-Employed,0
46,115505.0,160944,473,Salaried,0
54,68543.0,254451,642,Self-Employed,1
27,33919.0,457426,730,Salaried,0
24,89346.0,328600,623,Salaried,0
31,116122.0,81367,719,Salaried,0
49,59974.0,104624,893,Self-Employed,1
56,127309.0,453322,784,Salaried,1
45,36371.0,284565,711,Salaried,0
41,65084.0,118008,383,Unemployed,0
56,49629.0,438070,412,Salaried,0
30,71184.0,427539,631,Self-Employed,0
57,81916.0,166492,677,Salaried,1
29,147293.0,122240,340,,0
44,93972.0,376459,404,Self-Employed,0
55,82187.0,251659,501,Salaried,0
55,32984.0,322900,749,Salaried,1
56,53039.0,348522,565,Self-Employed,0
38,105431.0,185327,509,Self-Employed,0
59,103691.0,457700,862,Self-Employed,1
52,78606.0,175703,417,Salaried,0
44,30616.0,368693,676,Salaried,0
43,122665.0,215575,850,Self-Employed,1
52,125373.0,385938,839,Self-Employed,1
57,,357257,383,Unemployed,0
32,44574.0,124069,753,Unemployed,0
33,23430.0,279189,813,,0
43,139123.0,448465,686,Salaried,1
45,32676.0,301051,649,Salaried,0
55,30816.0,462417,595,Self-Employed,0
50,52733.0,175541,557,Salaried,0
37,105680.0,239648,380,Salaried,0
40,,306353,567,Unemployed,0
45,129996.0,321830,718,Unemployed,1
42,53933.0,365507,534,Salaried,0
33,44951.0,409687,610,Salaried,0
39,52413.0,181733,656,Salaried,1
56,54801.0,225915,512,Unemployed,0
32,75619.0,145673,873,Unemployed,1
39,52913.0,92828,348,Salaried,0
32,132573.0,360748,426,Salaried,0
29,139076.0,322670,522,Unemployed,0
27,,381054,578,Salaried,1
48,77775.0,75592,707,Self-Employed,1
34,110816.0,341126,804,Unemployed,0
51,149972.0,312351,593,Salaried,0
39,110093.0,282041,576,Self-Employed,0
36,132590.0,400877,737,,1
25,55400.0,280008,406,Salaried,0
55,24494.0,174982,719,Unemployed,0
32,100688.0,306911,728,Salaried,1
45,142744.0,118619,674,Unemployed,0
41,109431.0,210400,372,Self-Employed,0
56,94691.0,358623,329,Salaried,1
43,117419.0,201175,487,Salaried,0
36,128730.0,220963,663,Salaried,1
59,63001.0,191826,750,Salaried,1
59,87364.0,281055,494,Salaried,0
34,144988.0,393581,455,Salaried,1
51,65028.0,148540,471,Salaried,0
25,127434.0,385126,340,Self-Employed,0
55,117659.0,152747,362,Self-Employed,0
43,57573.0,236994,322,Self-Employed,0
49,20806.0,360375,659,Salaried,0
31,144343.0,79301,374,Salaried,0
38,76638.0,272724,859,Self-Employed,1
32,148301.0,243783,417,Salaried,1
29,146295.0,222395,679,Salaried,1
30,126506.0,68752,589,Unemployed,1
37,49757.0,263277,739,Self-Employed,0
58,54636.0,410596,306,Self-Employed,0
27,100097.0,194467,495,Salaried,0
33,68280.0,267029,720,Self-Employed,1
29,44262.0,433381,867,Self-Employed,0
47,100435.0,106273,492,Self-Employed,0
22,82211.0,308503,858,Self-Employed,0
25,,141878,447,Unemployed,0
49,148583.0,317039,501,Self-Employed,0
57,76979.0,169968,743,Salaried,1
58,134524.0,427844,718,Self-Employed,1
39,101470.0,126559,726,Self-Employed,1
28,58197.0,60699,778,Self-Employed,1
21,61844.0,246133,774,Salaried,1
42,,59715,425,Salaried,0
37,121868.0,69169,694,Unemployed,1
27,54157.0,168413,875,Self-Employed,1
45,97129.0,459379,624,Unemployed,0
24,60042.0,169264,691,Self-Employed,1
56,81665.0,317926,739,Self-Employed,1
26,135512.0,269249,503,Self-Employed,0
51,136953.0,174481,785,Unemployed,0
39,102856.0,265400,330,Self-Employed,0
59,47376.0,85585,687,Self-Employed,1
47,129049.0,342826,733,Salaried,1
30,75554.0,228936,675,Salaried,1
46,34199.0,442136,643,Self-Employed,0
39,138533.0,396560,742,Salaried,0
59,101412.0,498330,878,Salaried,1
23,70948.0,439954,374,Salaried,0
33,93781.0,88067,856,Salaried,1
48,92750.0,223757,454,Salaried,1
40,86262.0,303334,729,Salaried,1
48,137424.0,68073,662,Unemployed,0
28,66600.0,86035,747,Self-Employed,1
59,96898.0,246049,533,Salaried,0
21,82483.0,283782,862,Salaried,1
23,38297.0,140373,561,,0
33,50448.0,395506,424,Salaried,0
48,46172.0,140517,544,Unemployed,0
45,62874.0,115450,841,,1
53,27657.0,60382,784,Self-Employed,0
58,104386.0,447653,421,Salaried,0
26,145617.0,252043,424,Self-Employed,0
52,45425.0,271427,848,Salaried,0
41,,111929,469,Unemployed,1
36,142000.0,283483,423,Self-Employed,0
41,132855.0,278590,334,Salaried,0
31,44578.0,411008,386,Salaried,0
57,48831.0,193401,500,Salaried,1
56,27906.0,306677,668,Self-Employed,0
55,81413.0,337313,376,Salaried,0
39,74028.0,137468,358,Self-Employed,0
40,27287.0,84594,730,Salaried,0
38,53660.0,241703,799,Self-Employed,1
34,95758.0,95033,408,Unemployed,0
35,80504.0,113133,577,Self-Employed,0
51,79720.0,123861,367,Self-Employed,0
21,122979.0,233362,368,Salaried,0
23,54701.0,343894,464,Salaried,0
36,103300.0,90461,788,Self-Employed,1
43,130177.0,128222,604,Salaried,1
31,37674.0,162020,664,Salaried,0
32,103560.0,336370,678,Salaried,1
30,131543.0,318865,642,Salaried,0
52,43874.0,499370,853,Salaried,0
36,63642.0,70609,653,Unemployed,0
28,143867.0,495346,715,Salaried,1
58,,180513,408,Self-Employed,0
32,85160.0,253981,862,Salaried,1
44,37602.0,154211,796,,0
48,123320.0,236321,640,Salaried,0
28,108801.0,492111,682,Unemployed,0
48,45931.0,448872,832,Unemployed,0
56,114377.0,437009,599,Salaried,0
46,49192.0,386664,438,Unemployed,0
28,66542.0,376453,658,Unemployed,0
48,147015.0,79984,798,Unemployed,0
48,62520.0,168947,684,Unemployed,0
57,84772.0,254894,579,Salaried,0
56,78762.0,55901,782,Self-Employed,1
47,70106.0,212624,410,Salaried,0
37,101121.0,272317,438,Salaried,0
29,,343199,734,Unemployed,0
53,125595.0,218757,808,Salaried,1
40,53742.0,195788,572,Self-Employed,0
33,89669.0,164099,398,Unemployed,0
48,100199.0,61138,403,Unemployed,0
49,41754.0,216370,513,Unemployed,0
33,23972.0,494328,464,Salaried,0
55,,73429,819,Salaried,1
26,132217.0,100200,583,Salaried,0
38,61873.0,252380,816,Salaried,1
25,,491460,463,Salaried,0
45,126532.0,298289,363,Salaried,0
22,146267.0,295127,390,Self-Employed,0
30,29903.0,413412,416,Self-Employed,0
50,23020.0,286513,566,Salaried,0
25,61755.0,67347,858,Self-Employed,1
53,105956.0,197992,439,Salaried,0
21,106988.0,81822,545,Salaried,0
38,65648.0,489875,694,Self-Employed,0
52,123537.0,90108,786,Self-Employed,1
31,145991.0,441099,775,Self-Employed,1
41,29516.0,57967,816,Salaried,0
46,132863.0,422863,483,Unemployed,0
45,135005.0,61871,319,Self-Employed,0
42,22396.0,275371,857,Self-Employed,0
47,104082.0,258524,823,Self-Employed,1
33,39129.0,255342,881,Unemployed,0
53,148322.0,214685,828,Self-Employed,1
54,21591.0,78179,446,Self-Employed,0
55,31303.0,301537,603,Unemployed,0
21,50561.0,233260,881,Self-Employed,1
41,91719.0,367243,527,Salaried,0
26,138618.0,85262,401,Self-Employed,0
48,112108.0,390357,886,Salaried,1
37,148748.0,429551,716,Salaried,1
25,119616.0,461484,515,Self-Employed,0
51,,398413,706,Unemployed,0
25,106231.0,110545,698,Unemployed,0
58,27314.0,284555,798,Salaried,0
23,137071.0,273894,764,Self-Employed,1
43,39623.0,253218,381,Salaried,0
57,87675.0,352066,664,Unemployed,0
57,132992.0,92913,462,Unemployed,0
30,116826.0,409177,347,Self-Employed,0
30,85082.0,416936,810,Unemployed,0
39,149839.0,300497,628,Self-Employed,1
37,103624.0,498893,415,Self-Employed,0
41,125228.0,493057,636,Salaried,0
34,53130.0,227404,446,Salaried,0
29,71756.0,432007,874,Self-Employed,1
21,117624.0,206104,622,Self-Employed,0
33,46292.0,218918,742,Salaried,0
24,131785.0,240546,312,Unemployed,0
21,147331.0,94936,793,Salaried,1
52,106206.0,210866,586,Self-Employed,1
54,89274.0,242660,413,Self-Employed,0
48,22469.0,252056,779,Self-Employed,0
51,73947.0,493547,321,Self-Employed,0
28,42534.0,275469,648,Salaried,0
59,83620.0,78141,865,Salaried,1
46,68874.0,452290,619,Self-Employed,0
54,69708.0,187478,425,Self-Employed,0
23,94553.0,147359,576,Salaried,0
32,88344.0,435423,503,Self-Employed,1
21,69138.0,204363,493,Salaried,0
25,74302.0,91568,846,Self-Employed,1
50,67638.0,147539,585,Unemployed,1
50,98249.0,96851,356,Salaried,0
37,125865.0,104823,602,Salaried,0
43,22719.0,73312,462,,0
35,42890.0,486324,318,Self-Employed,0
57,97236.0,477387,669,Self-Employed,1
41,56509.0,484995,563,Unemployed,0
34,62534.0,249900,412,Unemployed,0
22,122302.0,410867,787,Unemployed,0
31,112241.0,324555,626,Self-Employed,0
59,38787.0,299062,841,Salaried,0
58,146209.0,369153,878,Salaried,1
54,68845.0,458638,364,Salaried,0
58,77932.0,485684,591,Self-Employed,0
54,112124.0,82371,324,Salaried,0
38,,107022,848,Unemployed,0
50,53062.0,383373,300,Self-Employed,0
35,95713.0,149071,848,Self-Employed,0
47,107263.0,232268,440,,0
54,115756.0,408918,487,Salaried,1
58,80461.0,338859,427,Salaried,0
53,95418.0,339749,500,Salaried,0
44,86672.0,149853,426,Salaried,0
35,148232.0,81174,556,Self-Employed,0
50,54832.0,453172,846,Unemployed,0
37,147335.0,126373,493,Unemployed,0
25,51966.0,381396,403,Self-Employed,0
49,92545.0,243021,834,Salaried,1
24,32987.0,243718,564,Unemployed,0
30,57311.0,120017,683,Unemployed,0
37,51575.0,113037,559,Salaried,1
30,83852.0,139818,713,Self-Employed,1
37,147650.0,56548,657,Salaried,1
40,21007.0,166981,374,Unemployed,1
44,90981.0,284213,654,,0
25,96242.0,254366,883,Salaried,0
54,67517.0,204249,487,Unemployed,0
26,130022.0,336166,589,Self-Employed,1
22,49257.0,156297,344,Unemployed,0
33,107272.0,186614,872,Salaried,1
31,62207.0,272084,382,Unemployed,0
43,33281.0,110428,422,Salaried,0
36,81246.0,203812,657,,0
51,21435.0,371497,827,Salaried,0
31,118875.0,163132,365,Unemployed,0
36,120686.0,237604,674,Unemployed,0
28,111357.0,66052,461,Unemployed,1
24,46660.0,150689,679,Unemployed,0
24,25084.0,228148,657,Salaried,0
45,102197.0,496636,487,Salaried,1
23,33507.0,181743,621,Salaried,1
52,92595.0,312307,749,,1
23,103807.0,353568,773,Salaried,1
47,65539.0,496960,312,Salaried,0
49,135953.0,453850,483,Salaried,0
52,27491.0,185870,410,Salaried,0
39,147706.0,334564,807,Salaried,1
41,132831.0,170575,589,Salaried,0
25,70192.0,308230,594,,0
38,100395.0,341444,750,Self-Employed,1
48,143797.0,402025,514,Unemployed,0
42,83888.0,60749,866,Salaried,1
41,93609.0,154131,326,Salaried,0
26,29077.0,206193,530,Self-Employed,0
21,137440.0,440707,864,Salaried,1
25,,349631,620,Salaried,0
32,40953.0,275019,532,Salaried,0
46,96919.0,476577,736,Salaried,1
54,134682.0,333367,832,Salaried,1
34,141041.0,122930,702,Salaried,0
46,87889.0,195128,352,,0
47,43821.0,340524,612,Salaried,0
29,,338179,580,Salaried,0
46,135374.0,342764,330,Unemployed,0
42,44860.0,463093,636,Salaried,0
50,41195.0,306553,482,Salaried,0
37,97475.0,498532,322,Unemployed,0
46,110874.0,245113,843,Salaried,1
56,107266.0,429504,745,Salaried,0
21,41427.0,103352,373,Salaried,0
28,,474127,309,Salaried,0
55,47083.0,213856,783,Self-Employed,0
35,107046.0,53191,755,Unemployed,0
42,77372.0,476376,865,Salaried,1
34,143786.0,402680,863,Self-Employed,1
46,64064.0,154576,459,,0
48,27813.0,245713,313,Salaried,0
43,51598.0,492939,477,Self-Employed,0
34,132718.0,53631,711,Salaried,1
44,146879.0,187244,352,Salaried,0
22,113106.0,354224,707,Salaried,1
46,47082.0,270169,321,Salaried,0
34,49241.0,140353,329,Salaried,0
27,116214.0,463497,559,Unemployed,1
23,64569.0,78671,504,Salaried,0
43,31745.0,172811,358,,0
38,46029.0,232503,770,Salaried,0
58,33025.0,271972,765,Self-Employed,0
55,121660.0,303211,311,Self-Employed,0
35,143395.0,439878,589,Self-Employed,0
45,34288.0,274033,653,Self-Employed,0
57,,471818,374,Unemployed,0
48,26540.0,269861,860,Salaried,0
30,117768.0,363543,890,Self-Employed,1
59,101958.0,204544,740,Unemployed,0
37,88878.0,230302,540,Unemployed,0
59,61846.0,57099,453,Unemployed,0
42,121148.0,299686,395,Salaried,0
46,95932.0,468647,593,Salaried,0
45,37482.0,106492,508,Salaried,0
37,43411.0,146722,642,Self-Employed,0
33,70975.0,490900,387,Salaried,0
40,,80111,689,,1
45,132302.0,113936,624,Unemployed,0
24,98797.0,203686,456,,0
30,72307.0,273332,876,Unemployed,0
23,23093.0,485207,436,Salaried,0
38,97258.0,251548,727,Salaried,1
56,42042.0,299031,751,Salaried,0
42,,373064,440,Self-Employed,0
54,137584.0,113530,382,Salaried,0
28,64413.0,479440,476,Salaried,0
39,133387.0,319932,497,Unemployed,0
57,,78082,867,Salaried,1
26,117883.0,435431,720,Self-Employed,1
46,53756.0,139570,700,Self-Employed,1
54,73268.0,151015,770,Salaried,1
26,59214.0,257888,517,Self-Employed,0
57,101871.0,395732,474,Salaried,0
53,147844.0,197603,322,Self-Employed,0
42,48602.0,400484,534,Salaried,0
41,73331.0,144439,312,Self-Employed,0
26,68901.0,488073,400,Salaried,0
26,119986.0,191214,835,Self-Employed,1
24,83416.0,165053,822,Salaried,1
50,52196.0,98355,751,Salaried,1
31,148386.0,453082,730,Salaried,1
50,25626.0,251139,832,Salaried,0
51,27424.0,284706,592,Unemployed,0
44,32857.0,175426,400,Salaried,0
29,,114027,801,Unemployed,0
23,135621.0,209210,603,Unemployed,0
51,39982.0,142601,839,Self-Employed,0
57,96961.0,79956,852,Salaried,1
56,21980.0,288340,654,Salaried,0
44,68290.0,154797,602,Self-Employed,0
51,46431.0,437061,795,Salaried,0
26,104976.0,438447,526,,0
22,127288.0,186511,535,Self-Employed,0
40,,490457,754,Unemployed,0
48,134187.0,354677,312,Self-Employed,0
31,46385.0,471486,509,Salaried,0
24,58158.0,128815,696,Self-Employed,1
35,,89279,399,Salaried,0
26,38639.0,421931,330,Salaried,0
50,105530.0,467104,827,Unemployed,0
58,119911.0,198702,628,Salaried,0
22,41563.0,111063,465,,0
35,59341.0,299599,758,Salaried,1
31,135672.0,304311,399,Unemployed,0
28,25776.0,177896,472,Self-Employed,0
46,56444.0,216216,461,Self-Employed,0
25,88916.0,495377,562,Self-Employed,0
26,28711.0,272146,573,Salaried,0
46,,258432,302,Salaried,0
24,102970.0,232051,327,Salaried,1
39,132301.0,147661,625,Salaried,0
40,105553.0,450195,448,Salaried,0
53,50707.0,469405,839,Unemployed,0
40,59110.0,223672,787,Salaried,1
32,149410.0,173257,737,Salaried,1
21,81788.0,398349,364,Salaried,0
46,102879.0,319054,655,Salaried,1
34,58827.0,359001,832,Unemployed,0
58,127188.0,84964,551,Salaried,0
57,25655.0,468443,534,Salaried,0
31,64859.0,449194,526,Self-Employed,0
56,73625.0,329297,824,Salaried,1
33,72098.0,371909,612,Salaried,0
23,35251.0,280156,348,Salaried,0
53,142413.0,158212,417,Self-Employed,0
26,20526.0,89071,353,Unemployed,0
30,88760.0,162990,864,Self-Employed,1
25,,119519,343,Salaried,0
43,145133.0,59503,352,Unemployed,0
30,149478.0,241775,885,Salaried,1
22,31536.0,145457,857,Salaried,0
33,48541.0,238938,824,,0
22,99083.0,197977,401,Salaried,0
40,,95838,697,Self-Employed,0
21,54531.0,437344,437,Self-Employed,0
57,28712.0,139489,686,Unemployed,1
29,124101.0,76806,410,Self-Employed,0
37,85455.0,226072,316,Self-Employed,0
29,94744.0,465384,481,Salaried,0
31,141787.0,120119,835,Salaried,1
35,149749.0,350858,840,Self-Employed,1
44,25109.0,235165,470,Salaried,0
58,141332.0,367563,708,Unemployed,0
55,69268.0,492361,677,Salaried,0
50,120737.0,155432,487,Salaried,1
51,74615.0,405093,529,Salaried,0
25,102503.0,445677,418,Salaried,0
34,143274.0,457507,455,Salaried,0
31,49759.0,227876,764,Self-Employed,0
29,105708.0,389115,403,Salaried,0
54,80112.0,405615,801,Self-Employed,1
32,122471.0,377090,474,Salaried,0
55,146740.0,411133,720,Salaried,1
55,143153.0,134080,433,Salaried,0
21,46589.0,302791,690,Unemployed,0
42,50015.0,127794,800,Salaried,1
49,49009.0,342985,332,Self-Employed,0
28,103309.0,174447,354,Salaried,0
31,146446.0,170029,818,Self-Employed,1
57,82046.0,229830,311,Salaried,0
34,126661.0,388416,827,Self-Employed,1
50,46143.0,87643,854,Self-Employed,0
55,26154.0,493624,672,Unemployed,0
41,41804.0,356094,783,Salaried,1
57,61688.0,237921,527,Salaried,1
25,84288.0,412644,606,Salaried,0
39,71195.0,209116,756,Unemployed,0
34,40581.0,437732,459,Self-Employed,0
46,72648.0,65997,630,Self-Employed,1
24,50087.0,391895,524,Salaried,0
45,69930.0,148605,803,Salaried,1
45,52981.0,467127,755,Salaried,1
38,89298.0,367677,344,Unemployed,0
28,66167.0,394710,513,Self-Employed,0
59,95304.0,275942,358,Unemployed,0
34,63408.0,195643,494,Salaried,0
52,59499.0,158255,788,Self-Employed,1
58,145816.0,310298,456,,0
53,72269.0,108005,525,Salaried,0
43,58559.0,267322,711,Unemployed,0
35,134126.0,239784,504,Unemployed,0
53,94319.0,93541,378,Unemployed,0
45,131925.0,73387,423,Self-Employed,1
37,115317.0,406124,770,Salaried,1
53,116347.0,229980,517,Salaried,0
22,68787.0,135457,815,Unemployed,0
34,55488.0,194129,403,Salaried,0
59,94441.0,114028,692,Self-Employed,1
26,94663.0,169246,733,Self-Employed,1
26,42431.0,367875,630,Self-Employed,0
23,81681.0,205930,442,Unemployed,0
27,83483.0,229761,839,Salaried,1
28,142720.0,94638,577,Salaried,0
35,69153.0,227558,532,Salaried,0
49,26368.0,70567,828,Salaried,0
53,47424.0,472955,870,Salaried,0
50,132360.0,107804,389,Salaried,0
59,65004.0,420965,791,Unemployed,0
47,103869.0,53754,498,Unemployed,1
56,108652.0,77044,661,Salaried,1
49,132755.0,117260,740,Salaried,1
58,76985.0,116912,325,Unemployed,0
53,70069.0,306695,324,Salaried,0
57,72326.0,58706,693,Salaried,1
47,128737.0,321038,806,Salaried,1
53,101061.0,461253,600,Self-Employed,0
24,43398.0,396130,638,Salaried,0
42,118393.0,394086,566,Unemployed,0
22,70861.0,232684,760,Salaried,1
30,95897.0,79725,755,Self-Employed,1
25,101905.0,186998,659,Salaried,1
30,147118.0,154555,367,Salaried,0
53,88577.0,311486,711,Self-Employed,1
58,85641.0,321640,790,Self-Employed,1
33,29078.0,106447,348,Self-Employed,0
51,45003.0,413748,863,Self-Employed,0
56,82768.0,210878,401,Unemployed,1
44,71047.0,400343,515,Unemployed,0
35,91626.0,91321,737,Self-Employed,1
49,77660.0,303113,868,,1
28,124386.0,283103,858,Salaried,1
25,69786.0,465872,458,Salaried,0
49,21925.0,105147,788,Self-Employed,0
24,103976.0,141396,541,Salaried,0
32,125221.0,492882,304,Salaried,0
22,,350931,895,Unemployed,0
47,,294839,660,Unemployed,0
51,46015.0,71727,758,Unemployed,0
56,53320.0,289423,547,Salaried,0
56,84881.0,145081,865,Self-Employed,1
46,110827.0,434865,721,Salaried,1
47,140071.0,291130,314,Salaried,0
25,122215.0,118056,872,Salaried,1
40,46289.0,184153,421,Salaried,0
31,148859.0,215268,576,Salaried,0
30,23389.0,217807,857,Unemployed,0
58,45683.0,285821,752,Salaried,0
26,33629.0,130102,689,Self-Employed,0
28,81550.0,206570,593,Self-Employed,0
43,44826.0,126865,873,Salaried,0
46,120734.0,212728,897,Salaried,1
32,46630.0,117695,745,Salaried,0
46,118762.0,481116,509,Self-Employed,1
33,66163.0,167235,889,,1
38,118511.0,490917,601,Salaried,0
45,86435.0,158777,522,Salaried,1
53,31653.0,69033,302,,0
32,47961.0,191877,817,Unemployed,0
56,101941.0,216923,392,Salaried,0
24,94137.0,76832,819,Self-Employed,1
25,53662.0,244509,727,Self-Employed,1
57,118818.0,427869,792,Unemployed,0
28,76446.0,195016,534,Unemployed,0
48,41288.0,332017,460,Self-Employed,0
51,142555.0,90372,630,Self-Employed,1
29,115081.0,139464,632,,0
49,56877.0,196451,349,Salaried,0
34,131562.0,167322,822,,1
42,35313.0,217823,791,Salaried,0
31,100885.0,412226,881,Unemployed,0
43,92715.0,270894,571,Unemployed,1
21,30326.0,317254,879,Salaried,0
57,130091.0,497557,551,Self-Employed,0
41,145836.0,324231,859,Salaried,1
46,21560.0,466978,389,Salaried,0
56,99148.0,394761,745,Unemployed,0
43,103186.0,150483,631,Salaried,0
21,46745.0,59596,438,Salaried,1
35,51890.0,284627,656,Self-Employed,1
41,40022.0,157539,573,Self-Employed,0
29,143629.0,68313,318,Salaried,0
29,72579.0,425319,610,Self-Employed,0
30,90316.0,247621,453,Self-Employed,1
46,103847.0,164914,689,Salaried,1
55,48380.0,73705,559,Salaried,0
45,130198.0,248436,870,Self-Employed,1
46,22356.0,385589,424,Salaried,0
31,,153892,653,Unemployed,0
58,112447.0,259717,572,Unemployed,0
22,134994.0,314167,544,Unemployed,0
27,109899.0,169654,749,Salaried,1
38,40049.0,240868,546,Unemployed,0
47,95717.0,130073,819,Salaried,1
